{"cameraMode":{"drawMode":0,"name":"Shaded","section":"Shading Mode"},"sceneLighting":false,"audioPlay":false,"sceneViewState":{"m_AlwaysRefresh":false,"showFog":true,"showSkybox":false,"showFlares":true,"showImageEffects":true,"showParticleSystems":true,"showVisualEffectGraphs":true,"m_FxEnabled":true},"in2DMode":false,"pivot":{"x":0.0052313487976789478,"y":0.007787227630615234,"z":0.017347954213619233},"rotation":{"x":0.2753368020057678,"y":0.31162694096565249,"z":-0.09486442804336548,"w":0.9044893383979797},"size":0.027878424152731897,"orthographic":false}